predicted_fault,probability,time
0,0.0,12199694
0,0.0,12199698
0,0.0,12199702
0,0.0,12199706
0,0.0,12199710
0,0.0,12199714
0,0.0,12199718
0,0.0,12199722
0,0.0,12199726
0,0.0,12199730
0,0.0,12199734
0,0.0,12199738
0,0.0,12199742
0,0.0,12199746
0,0.0,12199750
0,0.0,12199754
0,0.0,12199758
0,0.0,12199762
0,0.0,12199766
0,0.0,12199770
0,0.0,12199774
0,0.0,12199778
0,0.0,12199782
0,0.0,12199786
0,0.0,12199790
0,0.0,12199794
0,0.0,12199798
0,0.0,12199802
0,0.0,12199806
0,0.0,12199810
0,0.0,12199814
0,0.0,12199818
0,0.0,12199822
0,0.0,12199826
0,0.0,12199830
0,0.0,12199834
0,0.0,12199838
0,0.0,12199842
0,0.0,12199846
0,0.0,12199850
0,0.0,12199854
0,0.0,12199858
0,0.0,12199862
0,0.0,12199866
0,0.0,12199870
0,0.0,12199874
0,0.0,12199878
0,0.0,12199882
0,0.0,12199886
0,0.0,12199890
0,0.0,12199894
0,0.0,12199898
0,0.0,12199902
0,0.0,12199906
0,0.0,12199910
0,0.0,12199914
0,0.0,12199918
0,0.0,12199922
0,0.0,12199926
0,0.0,12199930
0,0.0,12199934
0,0.0,12199938
0,0.0,12199942
0,0.0,12199946
0,0.0,12199950
0,0.0,12199954
0,0.0,12199958
0,0.0,12199962
0,0.0,12199966
0,0.0,12199970
0,0.0,12199974
0,0.0,12199978
0,0.0,12199982
0,0.0,12199986
0,0.0,12199990
0,0.0,12199994
0,0.0,12199998
0,0.0,12200002
0,0.0,12200006
0,0.0,12200010
0,0.0,12200014
0,0.0,12200018
0,0.0,12200022
0,0.0,12200026
0,0.0,12200030
0,0.0,12200034
0,0.0,12200038
0,0.0,12200042
0,0.0,12200046
0,0.0,12200050
0,0.0,12200054
0,0.0,12200058
0,0.0,12200062
0,0.0,12200066
0,0.0,12200070
0,0.0,12200074
0,0.0,12200078
0,0.0,12200082
0,0.0,12200086
0,0.0,12200090
0,0.0,12200094
0,0.0,12200098
0,0.0,12200206
0,0.0,12200210
0,0.0,12200214
0,0.0,12200218
0,0.0,12200222
0,0.0,12200226
0,0.0,12200230
0,0.0,12200234
0,0.0,12200238
0,0.0,12200242
0,0.0,12200246
0,0.0,12200250
0,0.0,12200254
0,0.0,12200258
0,0.0,12200262
0,0.0,12200266
0,0.0,12200270
0,0.0,12200274
0,0.0,12200278
0,0.0,12200282
0,0.0,12200286
0,0.0,12200290
0,0.0,12200294
0,0.0,12200298
0,0.0,12200302
0,0.0,12200306
0,0.0,12200310
0,0.0,12200314
0,0.0,12200318
0,0.0,12200322
0,0.0,12200326
0,0.0,12200330
0,0.0,12200334
0,0.0,12200338
0,0.0,12200342
0,0.0,12200346
0,0.0,12200350
0,0.0,12200354
0,0.0,12200358
0,0.0,12200362
0,0.0,12200366
0,0.0,12200370
0,0.0,12200374
0,0.0,12200378
0,0.0,12200382
0,0.0,12200386
0,0.0,12200390
0,0.0,12200394
0,0.0,12200398
0,0.0,12200402
0,0.0,12200406
0,0.0,12200410
0,0.0,12200414
0,0.0,12200418
0,0.0,12200422
0,0.0,12200426
0,0.0,12200430
0,0.0,12200434
0,0.0,12200438
0,0.0,12200442
0,0.0,12200446
0,0.0,12200450
0,0.0,12200454
0,0.0,12200458
0,0.0,12200462
0,0.0,12200466
0,0.0,12200470
0,0.0,12200474
0,0.0,12200478
0,0.0,12200482
0,0.0,12200486
0,0.0,12200490
0,0.0,12200494
0,0.0,12200498
0,0.0,12200502
0,0.0,12200506
0,0.0,12200510
0,0.0,12200514
0,0.0,12200518
0,0.0,12200522
0,0.0,12200526
0,0.0,12200530
0,0.0,12200534
0,0.0,12200538
0,0.0,12200542
0,0.0,12200546
0,0.0,12200550
0,0.0,12200554
0,0.0,12200558
0,0.0,12200562
0,0.0,12200566
0,0.0,12200570
0,0.0,12200574
0,0.0,12200578
0,0.0,12200582
0,0.0,12200586
0,0.0,12200590
0,0.0,12200594
0,0.0,12200598
0,0.0,12200602
0,0.0,12200606
0,0.0,12200610
0,0.0,12200614
0,0.0,12200618
0,0.0,12200622
0,0.0,12200626
0,0.0,12200630
0,0.0,12200634
0,0.0,12200638
0,0.0,12200642
0,0.0,12200646
0,0.0,12200650
0,0.0,12200654
0,0.0,12200658
0,0.0,12200662
0,0.0,12200666
0,0.0,12200670
0,0.0,12200674
0,0.0,12200678
0,0.0,12200682
0,0.0,12200686
0,0.0,12200690
0,0.0,12200694
0,0.0,12200698
0,0.0,12200702
0,0.0,12200706
0,0.0,12200710
0,0.0,12200714
0,0.0,12200718
0,0.0,12200722
0,0.0,12200726
0,0.0,12200730
0,0.0,12200734
0,0.0,12200738
0,0.0,12200742
0,0.0,12200746
0,0.0,12200750
0,0.0,12200754
0,0.0,12200758
0,0.0,12200762
0,0.0,12200766
0,0.0,12200770
0,0.0,12200774
0,0.0,12200778
0,0.0,12200782
0,0.0,12200786
0,0.0,12200790
0,0.0,12200794
0,0.0,12200798
0,0.0,12200802
0,0.0,12200806
0,0.0,12200810
0,0.0,12200814
0,0.0,12200818
0,0.0,12200822
0,0.0,12200826
0,0.0,12200830
0,0.0,12200834
0,0.0,12200838
0,0.0,12200842
0,0.0,12200846
0,0.0,12200850
0,0.0,12200854
0,0.0,12200858
0,0.0,12200862
0,0.0,12200866
0,0.0,12200870
0,0.0,12200874
0,0.0,12200878
0,0.0,12200882
0,0.0,12200886
0,0.0,12200890
0,0.0,12200894
0,0.0,12200898
0,0.0,12200902
0,0.0,12200906
0,0.0,12200910
0,0.0,12200914
0,0.0,12200918
0,0.0,12200922
0,0.0,12200926
0,0.0,12200930
0,0.0,12200934
0,0.0,12200938
0,0.0,12200942
0,0.0,12200946
0,0.0,12200950
0,0.0,12200954
0,0.0,12200958
0,0.0,12200962
0,0.0,12200966
0,0.0,12200970
0,0.0,12200974
0,0.0,12200978
0,0.0,12200982
0,0.0,12200986
0,0.0,12200990
0,0.0,12200994
0,0.0,12200998
0,0.0,12201002
0,0.0,12201006
0,0.0,12201010
0,0.0,12201014
0,0.0,12201018
0,0.0,12201022
0,0.0,12201026
0,0.0,12201030
0,0.0,12201034
0,0.0,12201038
0,0.0,12201042
0,0.0,12201046
0,0.0,12201050
0,0.0,12201054
0,0.0,12201058
0,0.0,12201062
0,0.0,12201066
0,0.0,12201070
0,0.0,12201074
0,0.0,12201078
0,0.0,12201082
0,0.0,12201086
0,0.0,12201090
0,0.0,12201094
0,0.0,12201098
0,0.0,12201102
0,0.0,12201106
0,0.0,12201110
0,0.0,12201114
0,0.0,12201118
0,0.0,12201122
0,0.0,12201126
0,0.0,12201130
0,0.0,12201134
0,0.0,12201138
0,0.0,12201142
0,0.0,12201146
0,0.0,12201150
0,0.0,12201154
0,0.0,12201158
0,0.0,12201162
0,0.0,12201166
0,0.0,12201170
0,0.0,12201174
0,0.0,12201178
0,0.0,12201182
0,0.0,12201186
0,0.0,12201190
0,0.0,12201194
0,0.0,12201198
0,0.0,12201202
0,0.0,12201206
0,0.0,12201210
0,0.0,12201214
0,0.0,12201218
0,0.0,12201222
0,0.0,12201226
0,0.0,12201230
0,0.0,12201234
0,0.0,12201238
0,0.0,12201242
0,0.0,12201246
0,0.0,12201250
0,0.0,12201254
0,0.0,12201258
0,0.0,12201262
0,0.0,12201266
0,0.0,12201270
0,0.0,12201274
0,0.0,12201278
0,0.0,12201282
0,0.0,12201286
0,0.0,12201290
0,0.0,12201294
0,0.0,12201298
0,0.0,12201302
0,0.0,12201306
0,0.0,12201310
0,0.0,12201314
0,0.0,12201318
0,0.0,12201322
0,0.0,12201326
0,0.0,12201330
0,0.0,12201334
0,0.0,12201338
0,0.0,12201342
0,0.0,12201346
0,0.0,12201350
0,0.0,12201354
0,0.0,12201358
0,0.0,12201362
0,0.0,12201366
0,0.0,12201370
0,0.0,12201374
0,0.0,12201378
0,0.0,12201382
0,0.0,12201386
0,0.0,12201390
0,0.0,12201394
0,0.0,12201398
0,0.0,12201402
0,0.0,12201406
0,0.0,12201410
0,0.0,12201414
0,0.0,12201418
0,0.0,12201422
0,0.0,12201426
0,0.0,12201430
0,0.0,12201434
0,0.0,12201438
0,0.0,12201442
0,0.0,12201446
0,0.0,12201450
0,0.0,12201454
0,0.0,12201458
0,0.0,12201462
0,0.0,12201466
0,0.0,12201470
0,0.0,12201474
0,0.0,12201478
0,0.0,12201482
0,0.0,12201486
0,0.0,12201490
0,0.0,12201494
0,0.0,12201498
0,0.0,12201504
0,0.0,12201506
0,0.0,12201510
0,0.0,12201514
0,0.0,12201518
0,0.0,12201522
0,0.0,12201526
0,0.0,12201530
0,0.0,12201534
0,0.0,12201538
0,0.0,12201542
0,0.0,12201658
0,0.0,12201662
0,0.0,12201666
0,0.0,12201670
0,0.0,12201674
0,0.0,12201678
0,0.0,12201682
0,0.0,12201686
0,0.0,12201690
0,0.0,12201694
0,0.0,12201698
0,0.0,12201702
0,0.0,12201706
0,0.0,12201710
0,0.0,12201714
0,0.0,12201718
0,0.0,12201722
0,0.0,12201726
0,0.0,12201730
0,0.0,12201734
0,0.0,12201738
0,0.0,12201742
0,0.0,12201746
0,0.0,12201750
0,0.0,12201754
0,0.0,12201758
0,0.0,12201762
0,0.0,12201766
0,0.0,12201770
0,0.0,12201774
0,0.0,12201778
0,0.0,12201782
0,0.0,12201786
0,0.0,12201790
0,0.0,12201794
0,0.0,12201798
0,0.0,12201802
0,0.0,12201808
0,0.0,12201810
0,0.0,12201816
0,0.0,12201820
0,0.0,12201822
0,0.0,12201826
0,0.0,12201830
0,0.0,12201834
0,0.0,12201838
0,0.0,12201842
0,0.0,12201846
0,0.0,12201850
0,0.0,12201854
0,0.0,12201858
0,0.0,12201862
0,0.0,12201866
0,0.0,12201870
0,0.0,12201874
0,0.0,12201878
0,0.0,12201882
0,0.0,12201886
0,0.0,12201890
0,0.0,12201894
0,0.0,12201898
0,0.0,12201902
0,0.0,12201906
0,0.0,12201910
0,0.0,12201914
0,0.0,12201918
0,0.0,12201922
0,0.0,12201926
0,0.0,12201930
0,0.0,12201934
0,0.0,12201938
0,0.0,12201942
0,0.0,12201946
0,0.0,12201950
0,0.0,12201954
0,0.0,12201958
0,0.0,12201962
0,0.0,12201966
0,0.0,12201970
0,0.0,12201974
0,0.0,12201978
0,0.0,12201982
0,0.0,12201986
0,0.0,12201990
0,0.0,12201994
0,0.0,12201998
0,0.0,12202002
0,0.0,12202006
0,0.0,12202010
0,0.0,12202014
0,0.0,12202018
0,0.0,12202022
0,0.0,12202026
0,0.0,12202030
0,0.0,12202034
0,0.0,12202038
0,0.0,12202042
0,0.0,12202046
0,0.0,12202050
0,0.0,12202054
0,0.0,12202058
0,0.0,12202062
0,0.0,12202066
0,0.0,12202070
0,0.0,12202074
0,0.0,12202078
0,0.0,12202082
0,0.0,12202086
0,0.0,12202090
0,0.0,12202094
0,0.0,12202098
0,0.0,12202102
0,0.0,12202106
0,0.0,12202110
0,0.0,12202114
0,0.0,12202118
0,0.0,12202122
0,0.0,12202126
0,0.0,12202130
0,0.0,12202134
0,0.0,12202138
0,0.0,12202142
0,0.0,12202146
0,0.0,12202150
0,0.0,12202154
0,0.0,12202158
0,0.0,12202162
0,0.0,12202166
0,0.0,12202170
0,0.0,12202174
0,0.0,12202178
0,0.0,12202182
0,0.0,12202186
0,0.0,12202190
0,0.0,12202194
0,0.0,12202198
0,0.0,12202202
0,0.0,12202206
0,0.0,12202210
0,0.0,12202214
0,0.0,12202218
0,0.0,12202222
0,0.0,12202226
0,0.0,12202230
0,0.0,12202234
0,0.0,12202238
0,0.0,12202242
0,0.0,12202246
0,0.0,12202250
0,0.0,12202254
0,0.0,12202258
0,0.0,12202262
0,0.0,12202266
0,0.0,12202270
0,0.0,12202274
0,0.0,12202278
0,0.0,12202282
0,0.0,12202286
0,0.0,12202290
0,0.0,12202294
0,0.0,12202298
0,0.0,12202302
0,0.0,12202306
0,0.0,12202310
0,0.0,12202314
0,0.0,12202318
0,0.0,12202322
0,0.0,12202326
0,0.0,12202330
0,0.0,12202442
0,0.0,12202446
0,0.0,12202450
0,0.0,12202454
0,0.0,12202458
0,0.0,12202462
0,0.0,12202466
0,0.0,12202470
0,0.0,12202474
0,0.0,12202478
0,0.0,12202482
0,0.0,12202486
0,0.0,12202490
0,0.0,12202494
0,0.0,12202498
0,0.0,12202502
0,0.0,12202506
0,0.0,12202510
0,0.0,12202514
0,0.0,12202518
0,0.0,12202522
0,0.0,12202526
0,0.0,12202530
0,0.0,12202534
0,0.0,12202538
0,0.0,12202542
0,0.0,12202546
0,0.0,12202550
0,0.0,12202554
0,0.0,12202558
0,0.0,12202562
0,0.0,12202566
0,0.0,12202570
0,0.0,12202574
0,0.0,12202578
0,0.0,12202582
0,0.0,12202586
0,0.0,12202590
0,0.0,12202594
0,0.0,12202598
0,0.0,12202602
0,0.0,12202606
0,0.0,12202610
0,0.0,12202614
0,0.0,12202618
0,0.0,12202622
0,0.0,12202626
0,0.0,12202630
0,0.0,12202634
0,0.0,12202638
0,0.0,12202642
0,0.0,12202646
0,0.0,12202650
0,0.0,12202654
0,0.0,12202658
0,0.0,12202662
0,0.0,12202666
0,0.0,12202670
0,0.0,12202674
0,0.0,12202678
0,0.0,12202682
0,0.0,12202686
0,0.0,12202690
0,0.0,12202694
0,0.0,12202698
0,0.0,12202702
0,0.0,12202706
0,0.0,12202710
0,0.0,12202714
0,0.0,12202718
0,0.0,12202722
0,0.0,12202726
0,0.0,12202730
0,0.0,12202734
0,0.0,12202738
0,0.0,12202742
0,0.0,12202746
0,0.0,12202750
0,0.0,12202754
0,0.0,12202758
0,0.0,12202762
0,0.0,12202766
0,0.0,12202770
0,0.0,12202774
0,0.0,12202778
0,0.0,12202782
0,0.0,12202786
0,0.0,12202790
0,0.0,12202794
0,0.0,12202798
0,0.0,12202802
0,0.0,12202806
0,0.0,12202810
0,0.0,12202814
0,0.0,12202818
0,0.0,12202822
0,0.0,12202826
0,0.0,12202830
0,0.0,12202834
0,0.0,12202838
0,0.0,12202842
0,0.0,12202846
0,0.0,12202850
0,0.0,12202854
0,0.0,12202858
0,0.0,12202862
0,0.0,12202866
0,0.0,12202870
0,0.0,12202874
0,0.0,12202878
0,0.0,12202882
0,0.0,12202886
0,0.0,12202890
0,0.0,12202894
0,0.0,12202898
0,0.0,12202902
0,0.0,12202906
0,0.0,12202910
0,0.0,12202914
0,0.0,12202918
0,0.0,12202922
0,0.0,12202926
0,0.0,12202930
0,0.0,12202934
0,0.0,12202938
0,0.0,12203008
0,0.0,12203008
0,0.0,12203008
0,0.0,12203008
0,0.0,12203010
0,0.0,12203010
0,0.0,12203010
0,0.0,12203010
0,0.0,12203012
0,0.0,12203012
0,0.0,12203012
0,0.0,12203012
0,0.0,12203014
0,0.0,12203014
0,0.0,12203014
0,0.0,12203014
0,0.0,12203016
0,0.0,12203018
0,0.0,12203018
0,0.0,12203018
0,0.0,12203018
0,0.0,12203018
0,0.0,12203018
0,0.0,12203018
0,0.0,12203018
0,0.0,12203018
0,0.0,12203020
0,0.0,12203020
0,0.0,12203020
0,0.0,12203020
0,0.0,12203022
0,0.0,12203024
0,0.0,12203024
0,0.0,12203024
0,0.0,12203024
0,0.0,12203026
0,0.0,12203026
0,0.0,12203026
0,0.0,12203026
0,0.0,12203028
0,0.0,12203028
0,0.0,12203028
0,0.0,12203028
0,0.0,12203030
0,0.0,12203034
0,0.0,12203038
0,0.0,12203042
0,0.0,12203046
0,0.0,12203050
0,0.0,12203054
0,0.0,12203058
0,0.0,12203062
0,0.0,12203066
0,0.0,12203070
0,0.0,12203074
0,0.0,12203078
0,0.0,12203082
0,0.0,12203086
0,0.0,12203090
0,0.0,12203094
0,0.0,12203098
0,0.0,12210492
0,0.0,12210496
0,0.0,12210500
0,0.0,12210504
0,0.0,12210508
0,0.0,12210512
0,0.0,12210516
0,0.0,12210520
0,0.0,12210524
0,0.0,12210528
0,0.0,12210532
0,0.0,12210536
0,0.0,12210540
0,0.0,12210544
0,0.0,12210548
0,0.0,12210552
0,0.0,12210556
0,0.0,12210560
0,0.0,12210564
0,0.0,12210568
0,0.0,12210572
0,0.0,12210576
0,0.0,12210580
0,0.0,12210584
0,0.0,12210588
0,0.0,12210592
0,0.0,12210596
0,0.0,12210600
0,0.0,12210604
0,0.0,12210608
0,0.0,12210612
0,0.0,12210616
0,0.0,12210620
0,0.0,12210624
0,0.0,12210628
0,0.0,12210632
0,0.0,12210636
0,0.0,12210640
0,0.0,12210644
0,0.0,12210648
0,0.0,12210652
0,0.0,12210656
0,0.0,12210660
0,0.0,12210664
0,0.0,12210668
0,0.0,12210672
0,0.0,12210676
0,0.0,12210680
0,0.0,12210684
0,0.0,12210688
0,0.0,12210692
0,0.0,12210696
0,0.0,12210700
0,0.0,12210704
0,0.0,12210708
0,0.0,12210712
0,0.0,12210716
0,0.0,12210720
0,0.0,12210724
0,0.0,12210728
0,0.0,12210732
0,0.0,12210736
0,0.0,12210740
0,0.0,12210744
0,0.0,12210748
0,0.0,12210752
0,0.0,12210756
0,0.0,12210760
0,0.0,12210764
0,0.0,12210768
0,0.0,12210772
0,0.0,12210776
0,0.0,12210780
0,0.0,12210784
0,0.0,12210788
0,0.0,12210792
0,0.0,12210796
0,0.0,12210800
0,0.0,12210804
0,0.0,12210808
0,0.0,12210812
0,0.0,12210816
0,0.0,12210820
0,0.0,12210824
0,0.0,12210828
0,0.0,12210832
0,0.0,12210836
0,0.0,12210840
0,0.0,12210844
0,0.0,12210848
0,0.0,12210852
0,0.0,12210856
0,0.0,12210860
0,0.0,12210864
0,0.0,12210868
0,0.0,12210872
0,0.0,12210876
0,0.0,12210880
0,0.0,12210884
0,0.0,12210888
0,0.0,12210892
0,0.0,12210896
0,0.0,12210900
0,0.0,12210904
0,0.0,12210908
0,0.0,12210912
0,0.0,12210916
0,0.0,12210920
0,0.0,12210924
0,0.0,12210928
0,0.0,12210932
0,0.0,12210936
0,0.0,12210940
0,0.0,12210944
0,0.0,12210948
0,0.0,12210952
0,0.0,12210956
0,0.0,12210960
0,0.0,12210964
0,0.0,12210968
0,0.0,12210972
0,0.0,12210976
0,0.0,12210980
0,0.0,12210984
0,0.0,12210988
0,0.0,12210992
0,0.0,12210996
0,0.0,12211000
0,0.0,12211004
0,0.0,12211008
0,0.0,12211012
0,0.0,12211016
0,0.0,12211020
0,0.0,12211024
0,0.0,12211028
0,0.0,12211032
0,0.0,12211036
0,0.0,12211040
0,0.0,12211044
0,0.0,12211048
0,0.0,12211052
0,0.0,12211056
0,0.0,12211060
0,0.0,12211064
0,0.0,12211068
0,0.0,12211072
0,0.0,12211076
0,0.0,12211080
0,0.0,12211084
0,0.0,12211088
0,0.0,12211092
0,0.0,12211096
0,0.0,12211100
0,0.0,12211104
0,0.0,12211108
0,0.0,12211112
0,0.0,12211116
0,0.0,12211120
0,0.0,12211124
0,0.0,12211128
0,0.0,12211132
0,0.0,12211136
0,0.0,12211140
0,0.0,12211144
0,0.0,12211148
0,0.0,12211152
0,0.0,12211156
0,0.0,12211160
0,0.0,12211164
0,0.0,12211168
0,0.0,12211172
0,0.0,12211176
0,0.0,12211180
0,0.0,12211184
0,0.0,12211188
0,0.0,12211192
0,0.0,12211196
0,0.0,12211200
0,0.0,12211204
0,0.0,12211208
0,0.0,12211212
0,0.0,12211216
0,0.0,12211220
0,0.0,12211224
0,0.0,12211228
0,0.0,12211232
0,0.0,12211236
0,0.0,12211240
0,0.0,12211244
0,0.0,12211248
0,0.0,12211252
0,0.0,12211256
0,0.0,12211260
0,0.0,12211264
0,0.0,12211268
0,0.0,12211272
0,0.0,12211276
0,0.0,12211280
0,0.0,12211284
0,0.0,12211288
0,0.0,12211292
0,0.0,12211296
0,0.0,12211300
0,0.0,12211416
0,0.0,12211420
0,0.0,12211424
0,0.0,12211428
0,0.0,12211432
0,0.0,12211436
0,0.0,12211440
0,0.0,12211444
0,0.0,12211448
0,0.0,12211452
0,0.0,12211456
0,0.0,12211460
0,0.0,12211464
0,0.0,12211468
0,0.0,12211472
0,0.0,12211476
0,0.0,12211480
0,0.0,12211484
0,0.0,12211488
0,0.0,12211492
0,0.0,12211496
0,0.0,12211500
0,0.0,12211504
0,0.0,12211508
0,0.0,12211512
0,0.0,12211516
0,0.0,12211520
0,0.0,12211524
0,0.0,12211528
0,0.0,12211532
0,0.0,12211536
0,0.0,12211540
0,0.0,12211544
0,0.0,12211548
0,0.0,12211552
0,0.0,12211556
0,0.0,12211560
0,0.0,12211564
0,0.0,12211568
0,0.0,12211572
0,0.0,12211576
0,0.0,12211580
0,0.0,12211584
0,0.0,12211588
0,0.0,12211592
0,0.0,12211596
0,0.0,12211600
0,0.0,12211604
0,0.0,12211608
0,0.0,12211612
0,0.0,12211616
0,0.0,12211620
0,0.0,12211624
0,0.0,12211628
0,0.0,12211632
0,0.0,12211636
0,0.0,12211640
0,0.0,12211644
0,0.0,12211648
0,0.0,12211652
0,0.0,12211656
0,0.0,12211660
0,0.0,12211664
0,0.0,12211668
0,0.0,12211672
0,0.0,12211676
0,0.0,12211680
0,0.0,12211684
0,0.0,12211688
0,0.0,12211692
0,0.0,12211696
0,0.0,12211700
0,0.0,12211704
0,0.0,12211708
0,0.0,12211712
0,0.0,12211716
0,0.0,12211720
0,0.0,12211724
0,0.0,12211728
0,0.0,12211732
0,0.0,12211736
0,0.0,12211740
0,0.0,12211744
0,0.0,12211748
0,0.0,12211752
0,0.0,12211756
0,0.0,12211760
0,0.0,12211764
0,0.0,12211768
0,0.0,12211772
0,0.0,12211776
0,0.0,12211780
0,0.0,12211784
0,0.0,12211788
0,0.0,12211792
0,0.0,12211796
0,0.0,12211800
0,0.0,12211804
0,0.0,12211808
0,0.0,12211812
0,0.0,12211816
0,0.0,12211820
0,0.0,12211824
0,0.0,12211828
0,0.0,12211832
0,0.0,12211836
0,0.0,12211840
0,0.0,12211844
0,0.0,12211848
0,0.0,12211852
0,0.0,12211856
0,0.0,12211860
0,0.0,12211864
0,0.0,12211868
0,0.0,12211872
0,0.0,12211876
0,0.0,12211880
0,0.0,12211884
0,0.0,12211888
0,0.0,12211892
0,0.0,12211896
0,0.0,12211900
0,0.0,12211904
0,0.0,12211908
0,0.0,12211912
0,0.0,12211916
0,0.0,12211920
0,0.0,12211924
0,0.0,12211928
0,0.0,12211932
0,0.0,12211936
0,0.0,12211940
0,0.0,12211944
0,0.0,12211948
0,0.0,12211952
0,0.0,12211956
0,0.0,12211960
0,0.0,12211964
0,0.0,12211968
0,0.0,12211972
0,0.0,12212084
0,0.0,12212088
0,0.0,12212092
0,0.0,12212096
0,0.0,12212100
0,0.0,12212104
0,0.0,12212108
0,0.0,12212112
0,0.0,12212116
0,0.0,12212120
0,0.0,12212124
0,0.0,12212128
0,0.0,12212132
0,0.0,12212136
0,0.0,12212140
0,0.0,12212144
0,0.0,12212148
0,0.0,12212152
0,0.0,12212156
0,0.0,12212160
0,0.0,12212164
0,0.0,12212168
0,0.0,12212172
0,0.0,12212176
0,0.0,12212180
0,0.0,12212184
0,0.0,12212188
0,0.0,12212192
0,0.0,12212196
0,0.0,12212200
0,0.0,12212204
0,0.0,12212208
0,0.0,12212212
0,0.0,12212216
0,0.0,12212220
0,0.0,12212224
0,0.0,12212228
0,0.0,12212232
0,0.0,12212236
0,0.0,12212240
0,0.0,12212244
0,0.0,12212248
0,0.0,12212252
0,0.0,12212256
0,0.0,12212260
0,0.0,12212264
0,0.0,12212268
0,0.0,12212272
0,0.0,12212276
0,0.0,12212280
0,0.0,12212284
0,0.0,12212288
0,0.0,12212292
0,0.0,12212296
0,0.0,12212300
0,0.0,12212304
0,0.0,12212308
0,0.0,12212312
0,0.0,12212316
0,0.0,12212320
0,0.0,12212324
0,0.0,12212328
0,0.0,12212332
0,0.0,12212336
0,0.0,12212340
0,0.0,12212344
0,0.0,12212348
0,0.0,12212352
0,0.0,12212356
0,0.0,12212360
0,0.0,12212364
0,0.0,12212368
0,0.0,12212372
0,0.0,12212376
0,0.0,12212380
0,0.0,12212384
0,0.0,12212388
0,0.0,12212392
0,0.0,12212396
0,0.0,12212400
0,0.0,12212404
0,0.0,12212408
0,0.0,12212412
0,0.0,12212416
0,0.0,12212420
0,0.0,12212424
0,0.0,12212428
0,0.0,12212432
0,0.0,12212436
0,0.0,12212440
0,0.0,12212444
0,0.0,12212448
0,0.0,12212452
0,0.0,12212456
0,0.0,12212460
0,0.0,12212464
0,0.0,12212468
0,0.0,12212472
0,0.0,12212476
0,0.0,12212480
0,0.0,12212484
0,0.0,12212488
0,0.0,12212492
0,0.0,12212496
0,0.0,12212500
0,0.0,12212608
0,0.0,12212612
0,0.0,12212616
0,0.0,12212620
0,0.0,12212624
0,0.0,12212628
0,0.0,12212632
0,0.0,12212636
0,0.0,12212640
0,0.0,12212644
0,0.0,12212648
0,0.0,12212652
0,0.0,12212656
0,0.0,12212660
0,0.0,12212664
0,0.0,12212668
0,0.0,12212672
0,0.0,12212676
0,0.0,12212680
0,0.0,12212684
0,0.0,12212688
0,0.0,12212692
0,0.0,12212696
0,0.0,12212700
0,0.0,12212704
0,0.0,12212708
0,0.0,12212712
0,0.0,12212716
0,0.0,12212720
0,0.0,12212724
0,0.0,12212728
0,0.0,12212732
0,0.0,12212736
0,0.0,12212740
0,0.0,12212744
0,0.0,12212748
0,0.0,12212752
0,0.0,12212756
0,0.0,12212760
0,0.0,12212764
0,0.0,12212768
0,0.0,12212772
0,0.0,12212776
0,0.0,12212780
0,0.0,12212784
0,0.0,12212788
0,0.0,12212792
0,0.0,12212796
0,0.0,12212800
0,0.0,12212804
0,0.0,12212808
0,0.0,12212812
0,0.0,12212816
0,0.0,12212820
0,0.0,12212824
0,0.0,12212828
0,0.0,12212832
0,0.0,12212836
0,0.0,12212840
0,0.0,12212844
0,0.0,12212848
0,0.0,12212852
0,0.0,12212856
0,0.0,12212860
0,0.0,12212864
0,0.0,12212868
0,0.0,12212872
0,0.0,12212876
0,0.0,12212880
0,0.0,12212884
0,0.0,12212888
0,0.0,12212892
0,0.0,12212896
0,0.0,12212900
0,0.0,12212904
0,0.0,12212908
0,0.0,12212912
0,0.0,12212916
0,0.0,12212920
0,0.0,12212924
0,0.0,12212928
0,0.0,12212932
0,0.0,12212936
0,0.0,12212940
0,0.0,12212944
0,0.0,12212948
0,0.0,12212952
0,0.0,12212956
0,0.0,12212960
0,0.0,12212964
0,0.0,12212968
0,0.0,12212972
0,0.0,12212976
0,0.0,12212980
0,0.0,12212984
0,0.0,12212988
0,0.0,12212992
0,0.0,12212996
0,0.0,12213000
0,0.0,12213004
0,0.0,12213008
0,0.0,12213012
0,0.0,12213016
0,0.0,12213020
0,0.0,12213024
0,0.0,12213028
0,0.0,12213032
0,0.0,12213036
0,0.0,12213040
0,0.0,12213044
0,0.0,12213048
0,0.0,12213052
0,0.0,12213056
0,0.0,12213060
0,0.0,12213064
0,0.0,12213068
0,0.0,12213072
0,0.0,12213076
0,0.0,12213080
0,0.0,12213084
0,0.0,12213088
0,0.0,12213092
0,0.0,12213096
0,0.0,12213100
0,0.0,12213104
0,0.0,12213108
0,0.0,12213112
0,0.0,12213116
0,0.0,12213120
0,0.0,12213124
0,0.0,12213128
0,0.0,12213132
0,0.0,12213136
0,0.0,12213140
0,0.0,12213144
0,0.0,12213148
0,0.0,12213152
0,0.0,12213156
0,0.0,12213160
0,0.0,12213164
0,0.0,12213168
0,0.0,12213172
0,0.0,12213176
0,0.0,12213180
0,0.0,12213184
0,0.0,12213188
0,0.0,12213192
0,0.0,12213196
0,0.0,12213200
0,0.0,12213204
0,0.0,12213208
0,0.0,12213212
0,0.0,12213216
0,0.0,12213220
0,0.0,12213224
0,0.0,12213228
0,0.0,12213232
0,0.0,12213236
0,0.0,12213240
0,0.0,12213244
0,0.0,12213248
0,0.0,12213252
0,0.0,12213256
0,0.0,12213260
0,0.0,12213264
0,0.0,12213268
0,0.0,12213272
0,0.0,12213276
0,0.0,12213280
0,0.0,12213284
0,0.0,12213288
0,0.0,12213292
0,0.0,12213296
0,0.0,12213300
0,0.0,12213304
0,0.0,12213308
0,0.0,12213312
0,0.0,12213316
0,0.0,12213320
0,0.0,12213324
0,0.0,12213328
0,0.0,12213332
0,0.0,12213336
0,0.0,12213340
0,0.0,12213344
0,0.0,12213348
0,0.0,12213352
0,0.0,12213356
0,0.0,12213360
0,0.0,12213364
0,0.0,12213368
0,0.0,12213372
0,0.0,12213376
0,0.0,12213380
0,0.0,12213384
0,0.0,12213388
0,0.0,12213392
0,0.0,12213396
0,0.0,12213400
0,0.0,12213404
0,0.0,12213408
0,0.0,12213412
0,0.0,12213416
0,0.0,12213420
0,0.0,12213424
0,0.0,12213428
0,0.0,12213432
0,0.0,12213436
0,0.0,12213440
0,0.0,12213444
0,0.0,12213448
0,0.0,12213452
0,0.0,12213456
0,0.0,12213460
0,0.0,12213464
0,0.0,12213468
0,0.0,12213472
0,0.0,12213476
0,0.0,12213480
0,0.0,12213484
0,0.0,12213488
0,0.0,12213492
0,0.0,12213496
0,0.0,12213500
0,0.0,12213504
0,0.0,12213508
0,0.0,12213512
0,0.0,12213516
0,0.0,12213520
0,0.0,12213524
0,0.0,12213528
0,0.0,12213532
0,0.0,12213536
0,0.0,12213540
0,0.0,12213544
0,0.0,12213548
0,0.0,12213552
0,0.0,12213556
0,0.0,12213560
0,0.0,12213564
0,0.0,12213568
0,0.0,12213572
0,0.0,12213576
0,0.0,12213580
0,0.0,12213584
0,0.0,12213588
0,0.0,12213592
0,0.0,12213596
0,0.0,12213600
0,0.0,12213604
0,0.0,12213608
0,0.0,12213612
0,0.0,12213616
0,0.0,12213620
0,0.0,12213624
0,0.0,12213628
0,0.0,12213632
0,0.0,12213636
0,0.0,12213640
0,0.0,12213644
0,0.0,12213648
0,0.0,12213652
0,0.0,12213656
0,0.0,12213660
0,0.0,12213664
0,0.0,12213668
0,0.0,12213672
0,0.0,12213676
0,0.0,12213680
0,0.0,12213684
0,0.0,12213688
0,0.0,12213692
0,0.0,12213696
0,0.0,12213700
0,0.0,12213704
0,0.0,12213708
0,0.0,12213712
0,0.0,12213716
0,0.0,12213720
0,0.0,12213724
0,0.0,12213728
0,0.0,12213732
0,0.0,12213736
0,0.0,12213740
0,0.0,12213744
0,0.0,12213748
0,0.0,12213752
0,0.0,12213756
0,0.0,12213760
0,0.0,12213764
0,0.0,12213768
0,0.0,12213772
0,0.0,12213776
0,0.0,12213780
0,0.0,12213784
0,0.0,12213788
0,0.0,12213792
0,0.0,12213796
0,0.0,12213800
0,0.0,12213804
0,0.0,12213808
0,0.0,12213812
0,0.0,12213816
0,0.0,12213820
0,0.0,12213824
0,0.0,12213828
0,0.0,12213832
0,0.0,12213836
0,0.0,12213840
0,0.0,12213844
0,0.0,12213848
0,0.0,12213852
0,0.0,12213856
0,0.0,12213860
0,0.0,12213864
0,0.0,12213868
0,0.0,12213872
0,0.0,12213876
0,0.0,12213880
0,0.0,12213884
0,0.0,12213888
0,0.0,12213892
0,0.0,12213896
0,0.0,12213900
0,0.0,12213904
0,0.0,12213908
0,0.0,12213912
0,0.0,12213916
0,0.0,12213920
0,0.0,12213924
0,0.0,12213928
0,0.0,12213932
0,0.0,12213936
0,0.0,12213940
0,0.0,12213944
0,0.0,12213948
0,0.0,12213952
0,0.0,12213956
0,0.0,12213960
0,0.0,12213964
0,0.0,12213968
0,0.0,12213972
0,0.0,12213976
0,0.0,12213980
0,0.0,12213984
0,0.0,12213988
0,0.0,12213992
0,0.0,12213996
0,0.0,12214000
0,0.0,12214004
0,0.0,12214008
0,0.0,12214012
0,0.0,12214016
0,0.0,12234088
0,0.0,12234092
0,0.0,12234096
0,0.0,12234100
0,0.0,12234104
0,0.0,12234108
0,0.0,12234112
0,0.0,12234116
0,0.0,12234120
0,0.0,12234124
0,0.0,12234128
0,0.0,12234132
0,0.0,12234136
0,0.0,12234140
0,0.0,12234144
0,0.0,12234148
0,0.0,12234152
0,0.0,12234156
0,0.0,12234160
0,0.0,12234164
0,0.0,12234168
0,0.0,12234172
0,0.0,12234176
0,0.0,12234180
0,0.0,12234184
0,0.0,12234188
0,0.0,12234192
0,0.0,12234196
0,0.0,12234200
0,0.0,12234204
0,0.0,12234208
0,0.0,12234212
0,0.0,12234216
0,0.0,12234220
0,0.0,12234224
0,0.0,12234228
0,0.0,12234232
0,0.0,12234236
0,0.0,12234240
0,0.0,12234244
0,0.0,12234248
0,0.0,12234252
0,0.0,12234256
0,0.0,12234260
0,0.0,12234264
0,0.0,12234268
0,0.0,12234272
0,0.0,12234276
0,0.0,12234280
0,0.0,12234284
0,0.0,12234288
0,0.0,12234292
0,0.0,12234296
0,0.0,12234300
0,0.0,12234304
0,0.0,12234308
0,0.0,12234312
0,0.0,12234316
0,0.0,12234320
0,0.0,12234324
0,0.0,12234328
0,0.0,12234332
0,0.0,12234336
0,0.0,12234340
0,0.0,12234344
0,0.0,12234348
0,0.0,12234352
0,0.0,12234356
0,0.0,12234360
0,0.0,12234364
0,0.0,12234368
0,0.0,12234372
0,0.0,12234376
0,0.0,12234380
0,0.0,12234384
0,0.0,12234388
0,0.0,12234392
0,0.0,12234396
0,0.0,12234400
0,0.0,12234404
0,0.0,12234408
0,0.0,12234412
0,0.0,12234416
0,0.0,12234420
0,0.0,12234424
0,0.0,12234428
0,0.0,12234432
0,0.0,12234436
0,0.0,12234440
0,0.0,12234444
0,0.0,12234448
0,0.0,12234452
0,0.0,12234456
0,0.0,12234460
0,0.0,12234464
0,0.0,12234468
0,0.0,12234472
0,0.0,12234476
0,0.0,12234480
0,0.0,12234484
0,0.0,12234488
0,0.0,12234492
0,0.0,12234496
0,0.0,12234500
0,0.0,12234504
0,0.0,12234508
0,0.0,12234512
0,0.0,12234516
0,0.0,12234520
0,0.0,12234524
0,0.0,12234528
0,0.0,12234532
0,0.0,12234536
0,0.0,12234540
0,0.0,12234544
0,0.0,12234548
0,0.0,12234552
0,0.0,12234556
0,0.0,12234560
0,0.0,12234564
0,0.0,12234568
0,0.0,12234572
0,0.0,12234576
0,0.0,12234580
0,0.0,12234584
0,0.0,12234588
0,0.0,12234592
0,0.0,12234596
0,0.0,12234600
0,0.0,12234604
0,0.0,12234608
0,0.0,12234612
0,0.0,12234616
0,0.0,12234620
0,0.0,12234624
0,0.0,12234628
0,0.0,12234632
0,0.0,12234636
0,0.0,12234640
0,0.0,12234644
0,0.0,12234648
0,0.0,12234652
0,0.0,12234656
0,0.0,12234660
0,0.0,12234664
0,0.0,12234668
0,0.0,12234672
0,0.0,12234676
0,0.0,12234680
0,0.0,12234684
0,0.0,12234688
0,0.0,12234692
0,0.0,12234696
0,0.0,12234700
0,0.0,12234704
0,0.0,12234708
0,0.0,12234712
0,0.0,12234716
0,0.0,12234720
0,0.0,12234724
0,0.0,12234728
0,0.0,12234732
0,0.0,12234736
0,0.0,12234740
0,0.0,12234744
0,0.0,12234748
0,0.0,12234752
0,0.0,12234756
0,0.0,12234760
0,0.0,12234764
0,0.0,12234768
0,0.0,12234772
0,0.0,12234776
0,0.0,12234780
0,0.0,12234784
0,0.0,12234788
0,0.0,12234792
0,0.0,12234796
0,0.0,12234800
0,0.0,12234804
0,0.0,12234808
0,0.0,12234812
0,0.0,12234816
0,0.0,12234820
0,0.0,12234824
0,0.0,12234828
0,0.0,12234832
0,0.0,12234836
0,0.0,12234840
0,0.0,12234846
0,0.0,12234848
0,0.0,12234852
0,0.0,12234856
0,0.0,12234860
0,0.0,12234864
0,0.0,12234868
0,0.0,12234872
0,0.0,12234876
0,0.0,12234880
0,0.0,12234884
0,0.0,12234888
0,0.0,12234892
0,0.0,12234896
0,0.0,12234900
0,0.0,12234904
0,0.0,12235016
0,0.0,12235020
0,0.0,12235024
0,0.0,12235028
0,0.0,12235032
0,0.0,12235036
0,0.0,12235040
0,0.0,12235044
0,0.0,12235048
0,0.0,12235052
0,0.0,12235056
0,0.0,12235060
0,0.0,12235064
0,0.0,12235068
0,0.0,12235072
0,0.0,12235076
0,0.0,12235080
0,0.0,12235084
0,0.0,12235088
0,0.0,12235092
0,0.0,12235096
0,0.0,12235100
0,0.0,12235104
0,0.0,12235108
0,0.0,12235112
0,0.0,12235116
0,0.0,12235120
0,0.0,12235124
0,0.0,12235128
0,0.0,12235132
0,0.0,12235136
0,0.0,12235140
0,0.0,12235144
0,0.0,12235148
0,0.0,12235152
0,0.0,12235156
0,0.0,12235160
0,0.0,12235164
0,0.0,12235168
0,0.0,12235172
0,0.0,12235176
0,0.0,12235180
0,0.0,12235184
0,0.0,12235188
0,0.0,12235192
0,0.0,12235196
0,0.0,12235200
0,0.0,12235204
0,0.0,12235208
0,0.0,12235212
0,0.0,12235216
0,0.0,12235220
0,0.0,12235224
0,0.0,12235228
0,0.0,12235232
0,0.0,12235236
0,0.0,12235240
0,0.0,12235244
0,0.0,12235248
0,0.0,12235252
0,0.0,12235256
0,0.0,12235260
0,0.0,12235264
0,0.0,12235268
0,0.0,12235272
0,0.0,12235276
0,0.0,12235280
0,0.0,12235284
0,0.0,12235288
0,0.0,12235292
0,0.0,12235296
0,0.0,12235300
0,0.0,12235304
0,0.0,12235308
0,0.0,12235312
0,0.0,12235316
0,0.0,12235320
0,0.0,12235324
0,0.0,12235328
0,0.0,12235332
0,0.0,12235336
0,0.0,12235340
0,0.0,12235344
0,0.0,12235348
0,0.0,12235352
0,0.0,12235356
0,0.0,12235360
0,0.0,12235364
0,0.0,12235368
0,0.0,12235372
0,0.0,12235376
0,0.0,12235380
0,0.0,12235384
0,0.0,12235388
0,0.0,12235392
0,0.0,12235396
0,0.0,12235400
0,0.0,12235404
0,0.0,12235408
0,0.0,12235412
0,0.0,12235416
0,0.0,12235420
0,0.0,12235424
0,0.0,12235428
0,0.0,12235432
0,0.0,12235436
0,0.0,12235440
0,0.0,12235444
0,0.0,12235448
0,0.0,12235452
0,0.0,12235456
0,0.0,12235460
0,0.0,12235464
0,0.0,12235468
0,0.0,12235472
0,0.0,12235476
0,0.0,12235480
0,0.0,12235484
0,0.0,12235488
0,0.0,12235492
0,0.0,12235496
0,0.0,12235500
0,0.0,12235504
0,0.0,12235508
0,0.0,12235512
0,0.0,12235516
0,0.0,12235520
0,0.0,12235524
0,0.0,12235528
0,0.0,12235532
0,0.0,12235536
0,0.0,12235540
0,0.0,12235544
0,0.0,12235548
0,0.0,12235552
0,0.0,12235556
0,0.0,12235560
0,0.0,12235564
0,0.0,12235568
0,0.0,12235572
0,0.0,12235576
0,0.0,12235580
0,0.0,12235584
0,0.0,12235588
0,0.0,12235592
0,0.0,12235596
0,0.0,12235600
0,0.0,12235604
0,0.0,12235608
0,0.0,12235612
0,0.0,12235616
0,0.0,12235620
0,0.0,12235624
0,0.0,12235628
0,0.0,12235632
0,0.0,12235636
0,0.0,12235640
0,0.0,12235644
0,0.0,12235648
0,0.0,12235652
0,0.0,12235656
0,0.0,12235660
0,0.0,12235664
0,0.0,12235668
0,0.0,12235672
0,0.0,12235676
0,0.0,12235680
0,0.0,12235796
0,0.0,12235800
0,0.0,12235804
0,0.0,12235808
0,0.0,12235812
0,0.0,12235816
0,0.0,12235820
0,0.0,12235824
0,0.0,12235828
0,0.0,12235832
0,0.0,12235836
0,0.0,12235840
0,0.0,12235844
0,0.0,12235848
0,0.0,12235852
0,0.0,12235856
0,0.0,12235860
0,0.0,12235864
0,0.0,12235868
0,0.0,12235872
0,0.0,12235876
0,0.0,12235880
0,0.0,12235884
0,0.0,12235888
0,0.0,12235892
0,0.0,12235896
0,0.0,12235900
0,0.0,12235904
0,0.0,12235908
0,0.0,12235912
0,0.0,12235916
0,0.0,12235920
0,0.0,12235924
0,0.0,12235928
0,0.0,12235932
